Sector,Vacancies
Hotels,834
Retail,514
Restaurants / Catering,501
Healthcare / Medical / Nursing,461
Managers / Supervisors,386
Warehouse / Logistics / Shipping,316
Secretarial / Admin / PA,294
Call-Centre / Customer Service,267
Manufacturing / Engineering,246
Chef Jobs,226
Sales,204
Accountancy / Finance,199
Trades / Operative / Manual,192
Sales,190
"Pubs, Bars & Clubs",163
Construction / Engineering,149
Miscellaneous,148
Motors,141
IT,136
Pharmaceutical / Science / Agricultural,111
HR / Recruitment,107
Travel / Tourism,73
Security,70
Banking / Insurance,69
Marketing / Market Research,64
Fitness and Leisure,61
Property / Facilities Management,58
Drivers,56
Multi-lingual,55
Childcare,52
Hair and Beauty,42
Legal,42
Education / Training,37
Promotions / Merchandising,34
Financial Services,33
Telecoms / Tech Support,30
Energy / Renewable Energy,19
Graduate,19
Online / Digital Media,16
Senior Appointments,16
Big Data / Business Analysis,11
Academic,8
Voluntary / Charity Work,5
Architecture / Design,3
Work Experience / Internship,3
